LOCATION,INDICATOR,SUBJECT,MEASURE,FREQUENCY,TIME,Value,Flag Codes
AUS,EDUADULT,UPPSRY,PC_25_64,A,2000,31.311945,
AUS,EDUADULT,UPPSRY,PC_25_64,A,2001,29.946537,
AUS,EDUADULT,UPPSRY,PC_25_64,A,2002,30.189898,
AUS,EDUADULT,UPPSRY,PC_25_64,A,2003,31.166031,
AUS,EDUADULT,UPPSRY,PC_25_64,A,2004,33.297886,
AUS,EDUADULT,UPPSRY,PC_25_64,A,2005,33.340881,
AUS,EDUADULT,UPPSRY,PC_25_64,A,2006,33.687943,
AUS,EDUADULT,UPPSRY,PC_25_64,A,2007,34.44656,
AUS,EDUADULT,UPPSRY,PC_25_64,A,2008,33.785992,
AUS,EDUADULT,UPPSRY,PC_25_64,A,2009,34.146122,
AUS,EDUADULT,UPPSRY,PC_25_64,A,2010,35.602947,
AUS,EDUADULT,UPPSRY,PC_25_64,A,2011,35.735386,
AUS,EDUADULT,UPPSRY,PC_25_64,A,2012,35.154247,
AUS,EDUADULT,UPPSRY,PC_25_64,A,2013,36.17564,
AUS,EDUADULT,UPPSRY,PC_25_64,A,2014,35.202309,
AUS,EDUADULT,UPPSRY,PC_25_64,A,2015,36.130348,
AUS,EDUADULT,UPPSRY,PC_25_64,A,2016,36.188747,
AUS,EDUADULT,UPPSRY,PC_25_64,A,2017,35.631668,
AUS,EDUADULT,UPPSRY,PC_25_64,A,2018,36.163879,
AUT,EDUADULT,UPPSRY,PC_25_64,A,2004,51.550304,
AUT,EDUADULT,UPPSRY,PC_25_64,A,2005,52.305584,
AUT,EDUADULT,UPPSRY,PC_25_64,A,2006,54.771961,
AUT,EDUADULT,UPPSRY,PC_25_64,A,2007,54.844437,
AUT,EDUADULT,UPPSRY,PC_25_64,A,2008,54.688057,
AUT,EDUADULT,UPPSRY,PC_25_64,A,2009,54.749195,
AUT,EDUADULT,UPPSRY,PC_25_64,A,2010,54.608784,
AUT,EDUADULT,UPPSRY,PC_25_64,A,2011,54.407017,
AUT,EDUADULT,UPPSRY,PC_25_64,A,2012,54.176529,
AUT,EDUADULT,UPPSRY,PC_25_64,A,2013,53.233154,
AUT,EDUADULT,UPPSRY,PC_25_64,A,2014,53.951103,
AUT,EDUADULT,UPPSRY,PC_25_64,A,2015,54.097969,
AUT,EDUADULT,UPPSRY,PC_25_64,A,2016,53.144444,
AUT,EDUADULT,UPPSRY,PC_25_64,A,2017,52.568035,
AUT,EDUADULT,UPPSRY,PC_25_64,A,2018,52.586048,
BEL,EDUADULT,UPPSRY,PC_25_64,A,2000,31.438227,
BEL,EDUADULT,UPPSRY,PC_25_64,A,2001,31.836805,
BEL,EDUADULT,UPPSRY,PC_25_64,A,2002,32.668564,
BEL,EDUADULT,UPPSRY,PC_25_64,A,2003,33.016048,
BEL,EDUADULT,UPPSRY,PC_25_64,A,2004,33.8909,
BEL,EDUADULT,UPPSRY,PC_25_64,A,2005,35.051159,
BEL,EDUADULT,UPPSRY,PC_25_64,A,2006,35.187229,
BEL,EDUADULT,UPPSRY,PC_25_64,A,2007,35.858559,
BEL,EDUADULT,UPPSRY,PC_25_64,A,2008,37.26614,
BEL,EDUADULT,UPPSRY,PC_25_64,A,2009,37.175842,
BEL,EDUADULT,UPPSRY,PC_25_64,A,2010,35.51001,
BEL,EDUADULT,UPPSRY,PC_25_64,A,2011,36.653725,
BEL,EDUADULT,UPPSRY,PC_25_64,A,2012,36.32708,
BEL,EDUADULT,UPPSRY,PC_25_64,A,2013,37.223022,
BEL,EDUADULT,UPPSRY,PC_25_64,A,2014,36.695625,
BEL,EDUADULT,UPPSRY,PC_25_64,A,2015,37.819675,
BEL,EDUADULT,UPPSRY,PC_25_64,A,2016,37.59021,
BEL,EDUADULT,UPPSRY,PC_25_64,A,2017,36.540157,
BEL,EDUADULT,UPPSRY,PC_25_64,A,2018,37.588238,
CAN,EDUADULT,UPPSRY,PC_25_64,A,2000,40.561737,
CAN,EDUADULT,UPPSRY,PC_25_64,A,2001,40.106728,
CAN,EDUADULT,UPPSRY,PC_25_64,A,2002,39.804909,
CAN,EDUADULT,UPPSRY,PC_25_64,A,2003,39.608646,
CAN,EDUADULT,UPPSRY,PC_25_64,A,2004,39.76453,
CAN,EDUADULT,UPPSRY,PC_25_64,A,2005,39.206749,
CAN,EDUADULT,UPPSRY,PC_25_64,A,2006,38.661331,
CAN,EDUADULT,UPPSRY,PC_25_64,A,2007,38.323586,
CAN,EDUADULT,UPPSRY,PC_25_64,A,2008,38.289677,
CAN,EDUADULT,UPPSRY,PC_25_64,A,2009,38.241207,
CAN,EDUADULT,UPPSRY,PC_25_64,A,2010,37.95142,
CAN,EDUADULT,UPPSRY,PC_25_64,A,2011,37.598511,
CAN,EDUADULT,UPPSRY,PC_25_64,A,2012,36.659264,
CAN,EDUADULT,UPPSRY,PC_25_64,A,2013,36.57077,
CAN,EDUADULT,UPPSRY,PC_25_64,A,2014,36.373581,
CAN,EDUADULT,UPPSRY,PC_25_64,A,2015,35.228447,
CAN,EDUADULT,UPPSRY,PC_25_64,A,2016,34.343746,
CAN,EDUADULT,UPPSRY,PC_25_64,A,2017,34.412544,
CAN,EDUADULT,UPPSRY,PC_25_64,A,2018,33.733723,
CZE,EDUADULT,UPPSRY,PC_25_64,A,2000,74.978859,
CZE,EDUADULT,UPPSRY,PC_25_64,A,2001,75.076736,
CZE,EDUADULT,UPPSRY,PC_25_64,A,2002,75.985672,
CZE,EDUADULT,UPPSRY,PC_25_64,A,2003,74.413628,
CZE,EDUADULT,UPPSRY,PC_25_64,A,2004,76.730721,
CZE,EDUADULT,UPPSRY,PC_25_64,A,2005,76.867134,
CZE,EDUADULT,UPPSRY,PC_25_64,A,2006,76.757668,
CZE,EDUADULT,UPPSRY,PC_25_64,A,2007,76.802109,
CZE,EDUADULT,UPPSRY,PC_25_64,A,2008,76.404411,
CZE,EDUADULT,UPPSRY,PC_25_64,A,2009,75.858459,
CZE,EDUADULT,UPPSRY,PC_25_64,A,2010,75.17765,
CZE,EDUADULT,UPPSRY,PC_25_64,A,2011,74.089088,
CZE,EDUADULT,UPPSRY,PC_25_64,A,2012,73.172829,
CZE,EDUADULT,UPPSRY,PC_25_64,A,2013,72.360344,
CZE,EDUADULT,UPPSRY,PC_25_64,A,2014,71.679962,
CZE,EDUADULT,UPPSRY,PC_25_64,A,2015,70.972054,
CZE,EDUADULT,UPPSRY,PC_25_64,A,2016,70.455254,
CZE,EDUADULT,UPPSRY,PC_25_64,A,2017,69.86615,
CZE,EDUADULT,UPPSRY,PC_25_64,A,2018,69.598511,
DNK,EDUADULT,UPPSRY,PC_25_64,A,2000,54.003513,
DNK,EDUADULT,UPPSRY,PC_25_64,A,2001,52.25436,
DNK,EDUADULT,UPPSRY,PC_25_64,A,2002,51.480877,
DNK,EDUADULT,UPPSRY,PC_25_64,A,2003,48.705925,
DNK,EDUADULT,UPPSRY,PC_25_64,A,2004,48.373722,
DNK,EDUADULT,UPPSRY,PC_25_64,A,2005,47.472664,
DNK,EDUADULT,UPPSRY,PC_25_64,A,2006,46.920448,
DNK,EDUADULT,UPPSRY,PC_25_64,A,2007,43.37455,
DNK,EDUADULT,UPPSRY,PC_25_64,A,2008,42.382504,
DNK,EDUADULT,UPPSRY,PC_25_64,A,2009,42.305748,
DNK,EDUADULT,UPPSRY,PC_25_64,A,2010,42.362736,
DNK,EDUADULT,UPPSRY,PC_25_64,A,2011,43.194832,
DNK,EDUADULT,UPPSRY,PC_25_64,A,2012,43.113571,
DNK,EDUADULT,UPPSRY,PC_25_64,A,2013,42.83757,
DNK,EDUADULT,UPPSRY,PC_25_64,A,2014,43.752758,
DNK,EDUADULT,UPPSRY,PC_25_64,A,2015,43.275791,
DNK,EDUADULT,UPPSRY,PC_25_64,A,2016,42.576591,
DNK,EDUADULT,UPPSRY,PC_25_64,A,2017,42.097141,
DNK,EDUADULT,UPPSRY,PC_25_64,A,2018,42.873901,
FIN,EDUADULT,UPPSRY,PC_25_64,A,2000,40.54805,
FIN,EDUADULT,UPPSRY,PC_25_64,A,2003,42.862675,
FIN,EDUADULT,UPPSRY,PC_25_64,A,2004,43.440392,
FIN,EDUADULT,UPPSRY,PC_25_64,A,2005,44.158085,
FIN,EDUADULT,UPPSRY,PC_25_64,A,2006,44.494862,
FIN,EDUADULT,UPPSRY,PC_25_64,A,2007,44.152626,
FIN,EDUADULT,UPPSRY,PC_25_64,A,2008,44.489677,
FIN,EDUADULT,UPPSRY,PC_25_64,A,2009,44.704552,
FIN,EDUADULT,UPPSRY,PC_25_64,A,2010,44.836487,
FIN,EDUADULT,UPPSRY,PC_25_64,A,2011,44.406101,
FIN,EDUADULT,UPPSRY,PC_25_64,A,2012,45.135994,
FIN,EDUADULT,UPPSRY,PC_25_64,A,2013,45.345337,
FIN,EDUADULT,UPPSRY,PC_25_64,A,2014,44.730209,
FIN,EDUADULT,UPPSRY,PC_25_64,A,2015,44.410244,
FIN,EDUADULT,UPPSRY,PC_25_64,A,2016,44.312881,
FIN,EDUADULT,UPPSRY,PC_25_64,A,2017,43.799568,
FIN,EDUADULT,UPPSRY,PC_25_64,A,2018,43.885674,
FRA,EDUADULT,UPPSRY,PC_25_64,A,2000,40.656166,
FRA,EDUADULT,UPPSRY,PC_25_64,A,2001,40.846359,
FRA,EDUADULT,UPPSRY,PC_25_64,A,2002,40.792923,
FRA,EDUADULT,UPPSRY,PC_25_64,A,2003,41.304752,
FRA,EDUADULT,UPPSRY,PC_25_64,A,2004,41.428524,
FRA,EDUADULT,UPPSRY,PC_25_64,A,2005,41.384293,
FRA,EDUADULT,UPPSRY,PC_25_64,A,2006,41.245548,
FRA,EDUADULT,UPPSRY,PC_25_64,A,2007,41.821098,
FRA,EDUADULT,UPPSRY,PC_25_64,A,2008,42.364265,
FRA,EDUADULT,UPPSRY,PC_25_64,A,2009,41.666153,
FRA,EDUADULT,UPPSRY,PC_25_64,A,2010,41.759781,
FRA,EDUADULT,UPPSRY,PC_25_64,A,2011,41.847446,
FRA,EDUADULT,UPPSRY,PC_25_64,A,2012,41.67841,
FRA,EDUADULT,UPPSRY,PC_25_64,A,2013,42.740952,
FRA,EDUADULT,UPPSRY,PC_25_64,A,2014,43.779457,
FRA,EDUADULT,UPPSRY,PC_25_64,A,2015,43.447037,
FRA,EDUADULT,UPPSRY,PC_25_64,A,2016,43.525806,
FRA,EDUADULT,UPPSRY,PC_25_64,A,2017,43.171093,
FRA,EDUADULT,UPPSRY,PC_25_64,A,2018,42.462482,
DEU,EDUADULT,UPPSRY,PC_25_64,A,2000,58.227329,
DEU,EDUADULT,UPPSRY,PC_25_64,A,2001,59.386391,
DEU,EDUADULT,UPPSRY,PC_25_64,A,2002,59.560257,
DEU,EDUADULT,UPPSRY,PC_25_64,A,2003,59.395287,
DEU,EDUADULT,UPPSRY,PC_25_64,A,2004,58.968838,
DEU,EDUADULT,UPPSRY,PC_25_64,A,2005,58.554329,
DEU,EDUADULT,UPPSRY,PC_25_64,A,2006,59.289337,
DEU,EDUADULT,UPPSRY,PC_25_64,A,2007,60.115101,
DEU,EDUADULT,UPPSRY,PC_25_64,A,2008,59.931107,
DEU,EDUADULT,UPPSRY,PC_25_64,A,2009,59.094433,
DEU,EDUADULT,UPPSRY,PC_25_64,A,2010,59.201168,
DEU,EDUADULT,UPPSRY,PC_25_64,A,2011,58.688049,
DEU,EDUADULT,UPPSRY,PC_25_64,A,2012,58.179337,
DEU,EDUADULT,UPPSRY,PC_25_64,A,2013,57.84753,
DEU,EDUADULT,UPPSRY,PC_25_64,A,2014,59.845531,
DEU,EDUADULT,UPPSRY,PC_25_64,A,2015,59.153015,
DEU,EDUADULT,UPPSRY,PC_25_64,A,2016,58.184765,
DEU,EDUADULT,UPPSRY,PC_25_64,A,2017,57.93824,
DEU,EDUADULT,UPPSRY,PC_25_64,A,2018,57.610046,
GRC,EDUADULT,UPPSRY,PC_25_64,A,2000,31.615318,
GRC,EDUADULT,UPPSRY,PC_25_64,A,2001,32.161682,
GRC,EDUADULT,UPPSRY,PC_25_64,A,2002,33.047863,
GRC,EDUADULT,UPPSRY,PC_25_64,A,2003,34.24762,
GRC,EDUADULT,UPPSRY,PC_25_64,A,2004,35.362972,
GRC,EDUADULT,UPPSRY,PC_25_64,A,2005,36.241695,
GRC,EDUADULT,UPPSRY,PC_25_64,A,2006,36.81813,
GRC,EDUADULT,UPPSRY,PC_25_64,A,2007,37.184578,
GRC,EDUADULT,UPPSRY,PC_25_64,A,2008,37.771439,
GRC,EDUADULT,UPPSRY,PC_25_64,A,2009,37.838215,
GRC,EDUADULT,UPPSRY,PC_25_64,A,2010,37.991489,
GRC,EDUADULT,UPPSRY,PC_25_64,A,2011,38.442711,
GRC,EDUADULT,UPPSRY,PC_25_64,A,2012,39.063248,
GRC,EDUADULT,UPPSRY,PC_25_64,A,2013,39.771641,
GRC,EDUADULT,UPPSRY,PC_25_64,A,2014,40.160664,
GRC,EDUADULT,UPPSRY,PC_25_64,A,2015,41.162418,
GRC,EDUADULT,UPPSRY,PC_25_64,A,2016,41.418648,
GRC,EDUADULT,UPPSRY,PC_25_64,A,2017,41.681881,
GRC,EDUADULT,UPPSRY,PC_25_64,A,2018,41.629566,
HUN,EDUADULT,UPPSRY,PC_25_64,A,2000,55.17625,
HUN,EDUADULT,UPPSRY,PC_25_64,A,2001,56.029442,
HUN,EDUADULT,UPPSRY,PC_25_64,A,2002,57.210911,
HUN,EDUADULT,UPPSRY,PC_25_64,A,2003,58.6562,
HUN,EDUADULT,UPPSRY,PC_25_64,A,2004,58.601334,
HUN,EDUADULT,UPPSRY,PC_25_64,A,2005,59.306282,
HUN,EDUADULT,UPPSRY,PC_25_64,A,2006,60.374454,
HUN,EDUADULT,UPPSRY,PC_25_64,A,2007,61.157066,
HUN,EDUADULT,UPPSRY,PC_25_64,A,2008,60.505455,
HUN,EDUADULT,UPPSRY,PC_25_64,A,2009,60.712025,
HUN,EDUADULT,UPPSRY,PC_25_64,A,2010,61.170437,
HUN,EDUADULT,UPPSRY,PC_25_64,A,2011,60.643833,
HUN,EDUADULT,UPPSRY,PC_25_64,A,2012,60.073402,
HUN,EDUADULT,UPPSRY,PC_25_64,A,2013,59.988312,
HUN,EDUADULT,UPPSRY,PC_25_64,A,2014,59.738323,
HUN,EDUADULT,UPPSRY,PC_25_64,A,2015,58.9744,
HUN,EDUADULT,UPPSRY,PC_25_64,A,2016,59.648968,
HUN,EDUADULT,UPPSRY,PC_25_64,A,2017,59.972206,
HUN,EDUADULT,UPPSRY,PC_25_64,A,2018,59.760651,
ISL,EDUADULT,UPPSRY,PC_25_64,A,2003,37.875629,
ISL,EDUADULT,UPPSRY,PC_25_64,A,2004,38.412827,
ISL,EDUADULT,UPPSRY,PC_25_64,A,2005,38.702599,
ISL,EDUADULT,UPPSRY,PC_25_64,A,2006,38.268692,
ISL,EDUADULT,UPPSRY,PC_25_64,A,2007,38.3759,
ISL,EDUADULT,UPPSRY,PC_25_64,A,2008,37.467621,
ISL,EDUADULT,UPPSRY,PC_25_64,A,2009,37.08683,
ISL,EDUADULT,UPPSRY,PC_25_64,A,2010,38.085266,
ISL,EDUADULT,UPPSRY,PC_25_64,A,2011,37.030106,
ISL,EDUADULT,UPPSRY,PC_25_64,A,2012,35.774364,
ISL,EDUADULT,UPPSRY,PC_25_64,A,2013,36.087257,
ISL,EDUADULT,UPPSRY,PC_25_64,A,2014,36.168541,
ISL,EDUADULT,UPPSRY,PC_25_64,A,2015,35.854942,
ISL,EDUADULT,UPPSRY,PC_25_64,A,2016,37.523037,
ISL,EDUADULT,UPPSRY,PC_25_64,A,2017,34.753498,
ISL,EDUADULT,UPPSRY,PC_25_64,A,2018,34.123341,
IRL,EDUADULT,UPPSRY,PC_25_64,A,2000,35.680077,
IRL,EDUADULT,UPPSRY,PC_25_64,A,2001,31.687897,
IRL,EDUADULT,UPPSRY,PC_25_64,A,2002,35.181232,
IRL,EDUADULT,UPPSRY,PC_25_64,A,2003,35.393551,
IRL,EDUADULT,UPPSRY,PC_25_64,A,2004,35.018871,
IRL,EDUADULT,UPPSRY,PC_25_64,A,2005,35.459042,
IRL,EDUADULT,UPPSRY,PC_25_64,A,2006,35.248314,
IRL,EDUADULT,UPPSRY,PC_25_64,A,2007,35.336098,
IRL,EDUADULT,UPPSRY,PC_25_64,A,2008,35.550751,
IRL,EDUADULT,UPPSRY,PC_25_64,A,2009,35.3456,
IRL,EDUADULT,UPPSRY,PC_25_64,A,2010,35.190754,
IRL,EDUADULT,UPPSRY,PC_25_64,A,2011,35.472363,
IRL,EDUADULT,UPPSRY,PC_25_64,A,2012,34.935005,
IRL,EDUADULT,UPPSRY,PC_25_64,A,2013,35.255356,
IRL,EDUADULT,UPPSRY,PC_25_64,A,2014,37.845661,
IRL,EDUADULT,UPPSRY,PC_25_64,A,2015,37.011307,
IRL,EDUADULT,UPPSRY,PC_25_64,A,2017,36.346481,
IRL,EDUADULT,UPPSRY,PC_25_64,A,2018,36.239433,
ITA,EDUADULT,UPPSRY,PC_25_64,A,2000,32.736511,
ITA,EDUADULT,UPPSRY,PC_25_64,A,2001,33.225887,
ITA,EDUADULT,UPPSRY,PC_25_64,A,2002,33.994335,
ITA,EDUADULT,UPPSRY,PC_25_64,A,2003,37.953461,
ITA,EDUADULT,UPPSRY,PC_25_64,A,2004,37.006237,
ITA,EDUADULT,UPPSRY,PC_25_64,A,2005,37.861622,
ITA,EDUADULT,UPPSRY,PC_25_64,A,2006,38.416656,
ITA,EDUADULT,UPPSRY,PC_25_64,A,2007,38.721588,
ITA,EDUADULT,UPPSRY,PC_25_64,A,2008,38.955219,
ITA,EDUADULT,UPPSRY,PC_25_64,A,2009,39.790382,
ITA,EDUADULT,UPPSRY,PC_25_64,A,2010,40.37178,
ITA,EDUADULT,UPPSRY,PC_25_64,A,2011,41.093086,
ITA,EDUADULT,UPPSRY,PC_25_64,A,2012,41.528671,
ITA,EDUADULT,UPPSRY,PC_25_64,A,2013,41.866974,
ITA,EDUADULT,UPPSRY,PC_25_64,A,2014,42.396198,
ITA,EDUADULT,UPPSRY,PC_25_64,A,2015,42.344765,
ITA,EDUADULT,UPPSRY,PC_25_64,A,2016,42.419556,
ITA,EDUADULT,UPPSRY,PC_25_64,A,2017,42.245842,
ITA,EDUADULT,UPPSRY,PC_25_64,A,2018,42.423771,
KOR,EDUADULT,UPPSRY,PC_25_64,A,2000,44.395958,
KOR,EDUADULT,UPPSRY,PC_25_64,A,2001,44.692459,
KOR,EDUADULT,UPPSRY,PC_25_64,A,2002,44.844082,
KOR,EDUADULT,UPPSRY,PC_25_64,A,2003,43.795536,
KOR,EDUADULT,UPPSRY,PC_25_64,A,2004,43.979282,
KOR,EDUADULT,UPPSRY,PC_25_64,A,2005,44.020844,
KOR,EDUADULT,UPPSRY,PC_25_64,A,2006,43.83485,
KOR,EDUADULT,UPPSRY,PC_25_64,A,2007,43.387959,
KOR,EDUADULT,UPPSRY,PC_25_64,A,2008,42.698547,
KOR,EDUADULT,UPPSRY,PC_25_64,A,2009,42.158466,
KOR,EDUADULT,UPPSRY,PC_25_64,A,2010,41.896099,
KOR,EDUADULT,UPPSRY,PC_25_64,A,2011,41.082951,
KOR,EDUADULT,UPPSRY,PC_25_64,A,2012,40.765228,
KOR,EDUADULT,UPPSRY,PC_25_64,A,2013,40.647007,
KOR,EDUADULT,UPPSRY,PC_25_64,A,2014,40.498386,
KOR,EDUADULT,UPPSRY,PC_25_64,A,2015,40.413925,
KOR,EDUADULT,UPPSRY,PC_25_64,A,2016,40.12809,
KOR,EDUADULT,UPPSRY,PC_25_64,A,2017,39.867115,
KOR,EDUADULT,UPPSRY,PC_25_64,A,2018,39.179844,
LUX,EDUADULT,UPPSRY,PC_25_64,A,2000,42.635101,
LUX,EDUADULT,UPPSRY,PC_25_64,A,2005,39.304268,
LUX,EDUADULT,UPPSRY,PC_25_64,A,2006,41.527729,
LUX,EDUADULT,UPPSRY,PC_25_64,A,2007,39.222908,
LUX,EDUADULT,UPPSRY,PC_25_64,A,2008,40.287777,
LUX,EDUADULT,UPPSRY,PC_25_64,A,2009,42.548435,
LUX,EDUADULT,UPPSRY,PC_25_64,A,2010,42.20179,
LUX,EDUADULT,UPPSRY,PC_25_64,A,2011,40.22287,
LUX,EDUADULT,UPPSRY,PC_25_64,A,2012,39.192108,
LUX,EDUADULT,UPPSRY,PC_25_64,A,2013,39.813763,
LUX,EDUADULT,UPPSRY,PC_25_64,A,2014,36.041,
LUX,EDUADULT,UPPSRY,PC_25_64,A,2015,34.813503,
LUX,EDUADULT,UPPSRY,PC_25_64,A,2016,35.963139,
LUX,EDUADULT,UPPSRY,PC_25_64,A,2017,36.372005,
LUX,EDUADULT,UPPSRY,PC_25_64,A,2018,33.34832,
MEX,EDUADULT,UPPSRY,PC_25_64,A,2000,14.454871,
MEX,EDUADULT,UPPSRY,PC_25_64,A,2001,14.553352,
MEX,EDUADULT,UPPSRY,PC_25_64,A,2002,14.618934,
MEX,EDUADULT,UPPSRY,PC_25_64,A,2003,14.321067,
MEX,EDUADULT,UPPSRY,PC_25_64,A,2004,14.865237,
MEX,EDUADULT,UPPSRY,PC_25_64,A,2005,15.431935,
MEX,EDUADULT,UPPSRY,PC_25_64,A,2006,15.764752,
MEX,EDUADULT,UPPSRY,PC_25_64,A,2007,16.026201,
MEX,EDUADULT,UPPSRY,PC_25_64,A,2008,16.235542,
MEX,EDUADULT,UPPSRY,PC_25_64,A,2009,16.982433,
MEX,EDUADULT,UPPSRY,PC_25_64,A,2010,17.431528,
MEX,EDUADULT,UPPSRY,PC_25_64,A,2011,18.127449,
MEX,EDUADULT,UPPSRY,PC_25_64,A,2012,18.276108,
MEX,EDUADULT,UPPSRY,PC_25_64,A,2013,18.58894,
MEX,EDUADULT,UPPSRY,PC_25_64,A,2014,19.09651,
MEX,EDUADULT,UPPSRY,PC_25_64,A,2015,19.38439,
MEX,EDUADULT,UPPSRY,PC_25_64,A,2016,19.816181,
MEX,EDUADULT,UPPSRY,PC_25_64,A,2017,20.242617,
MEX,EDUADULT,UPPSRY,PC_25_64,A,2018,21.166498,
NLD,EDUADULT,UPPSRY,PC_25_64,A,2000,41.481255,
NLD,EDUADULT,UPPSRY,PC_25_64,A,2001,41.902199,
NLD,EDUADULT,UPPSRY,PC_25_64,A,2002,42.813576,
NLD,EDUADULT,UPPSRY,PC_25_64,A,2003,41.678982,
NLD,EDUADULT,UPPSRY,PC_25_64,A,2004,41.368679,
NLD,EDUADULT,UPPSRY,PC_25_64,A,2005,41.703503,
NLD,EDUADULT,UPPSRY,PC_25_64,A,2006,42.17561,
NLD,EDUADULT,UPPSRY,PC_25_64,A,2007,42.379169,
NLD,EDUADULT,UPPSRY,PC_25_64,A,2008,41.124588,
NLD,EDUADULT,UPPSRY,PC_25_64,A,2009,40.6106,
NLD,EDUADULT,UPPSRY,PC_25_64,A,2010,40.584415,
NLD,EDUADULT,UPPSRY,PC_25_64,A,2011,40.242668,
NLD,EDUADULT,UPPSRY,PC_25_64,A,2012,39.025169,
NLD,EDUADULT,UPPSRY,PC_25_64,A,2013,41.925877,
NLD,EDUADULT,UPPSRY,PC_25_64,A,2014,41.481617,
NLD,EDUADULT,UPPSRY,PC_25_64,A,2015,41.06881,
NLD,EDUADULT,UPPSRY,PC_25_64,A,2016,41.067532,
NLD,EDUADULT,UPPSRY,PC_25_64,A,2017,41.213829,
NLD,EDUADULT,UPPSRY,PC_25_64,A,2018,40.67931,
NZL,EDUADULT,UPPSRY,PC_25_64,A,2014,38.446278,
NZL,EDUADULT,UPPSRY,PC_25_64,A,2015,40.681847,
NZL,EDUADULT,UPPSRY,PC_25_64,A,2016,40.301437,
NZL,EDUADULT,UPPSRY,PC_25_64,A,2017,41.151012,
NZL,EDUADULT,UPPSRY,PC_25_64,A,2018,41.164528,
NOR,EDUADULT,UPPSRY,PC_25_64,A,2005,44.520832,
NOR,EDUADULT,UPPSRY,PC_25_64,A,2006,45.969803,
NOR,EDUADULT,UPPSRY,PC_25_64,A,2007,44.727242,
NOR,EDUADULT,UPPSRY,PC_25_64,A,2008,44.717346,
NOR,EDUADULT,UPPSRY,PC_25_64,A,2009,44.02536,
NOR,EDUADULT,UPPSRY,PC_25_64,A,2010,43.343231,
NOR,EDUADULT,UPPSRY,PC_25_64,A,2011,43.842903,
NOR,EDUADULT,UPPSRY,PC_25_64,A,2012,43.492111,
NOR,EDUADULT,UPPSRY,PC_25_64,A,2013,42.638336,
NOR,EDUADULT,UPPSRY,PC_25_64,A,2014,40.189404,
NOR,EDUADULT,UPPSRY,PC_25_64,A,2015,39.665131,
NOR,EDUADULT,UPPSRY,PC_25_64,A,2016,39.222229,
NOR,EDUADULT,UPPSRY,PC_25_64,A,2017,38.762424,
NOR,EDUADULT,UPPSRY,PC_25_64,A,2018,38.901794,
POL,EDUADULT,UPPSRY,PC_25_64,A,2000,68.518517,
POL,EDUADULT,UPPSRY,PC_25_64,A,2001,68.692192,
POL,EDUADULT,UPPSRY,PC_25_64,A,2002,68.648476,
POL,EDUADULT,UPPSRY,PC_25_64,A,2003,68.449577,
POL,EDUADULT,UPPSRY,PC_25_64,A,2004,68.216873,
POL,EDUADULT,UPPSRY,PC_25_64,A,2005,68.185944,
POL,EDUADULT,UPPSRY,PC_25_64,A,2006,67.920158,
POL,EDUADULT,UPPSRY,PC_25_64,A,2007,67.613113,
POL,EDUADULT,UPPSRY,PC_25_64,A,2008,67.583122,
POL,EDUADULT,UPPSRY,PC_25_64,A,2009,66.821266,
POL,EDUADULT,UPPSRY,PC_25_64,A,2010,66.046318,
POL,EDUADULT,UPPSRY,PC_25_64,A,2011,65.629021,
POL,EDUADULT,UPPSRY,PC_25_64,A,2012,65.084984,
POL,EDUADULT,UPPSRY,PC_25_64,A,2013,64.378479,
POL,EDUADULT,UPPSRY,PC_25_64,A,2014,63.521564,
POL,EDUADULT,UPPSRY,PC_25_64,A,2015,63.030708,
POL,EDUADULT,UPPSRY,PC_25_64,A,2016,62.609581,
POL,EDUADULT,UPPSRY,PC_25_64,A,2017,62.191849,
POL,EDUADULT,UPPSRY,PC_25_64,A,2018,61.52821,
PRT,EDUADULT,UPPSRY,PC_25_64,A,2000,10.531308,
PRT,EDUADULT,UPPSRY,PC_25_64,A,2001,11.002051,
PRT,EDUADULT,UPPSRY,PC_25_64,A,2002,11.274323,
PRT,EDUADULT,UPPSRY,PC_25_64,A,2003,11.862341,
PRT,EDUADULT,UPPSRY,PC_25_64,A,2004,12.639626,
PRT,EDUADULT,UPPSRY,PC_25_64,A,2005,13.606074,
PRT,EDUADULT,UPPSRY,PC_25_64,A,2006,14.129419,
PRT,EDUADULT,UPPSRY,PC_25_64,A,2007,13.763488,
PRT,EDUADULT,UPPSRY,PC_25_64,A,2008,13.947564,
PRT,EDUADULT,UPPSRY,PC_25_64,A,2009,15.237852,
PRT,EDUADULT,UPPSRY,PC_25_64,A,2010,16.472258,
PRT,EDUADULT,UPPSRY,PC_25_64,A,2011,17.770487,
PRT,EDUADULT,UPPSRY,PC_25_64,A,2012,19.095991,
PRT,EDUADULT,UPPSRY,PC_25_64,A,2013,20.740372,
PRT,EDUADULT,UPPSRY,PC_25_64,A,2014,21.563595,
PRT,EDUADULT,UPPSRY,PC_25_64,A,2015,22.26543,
PRT,EDUADULT,UPPSRY,PC_25_64,A,2016,23.06147,
PRT,EDUADULT,UPPSRY,PC_25_64,A,2017,23.913849,
PRT,EDUADULT,UPPSRY,PC_25_64,A,2018,24.825838,
SVK,EDUADULT,UPPSRY,PC_25_64,A,2000,73.433083,
SVK,EDUADULT,UPPSRY,PC_25_64,A,2001,74.177261,
SVK,EDUADULT,UPPSRY,PC_25_64,A,2002,74.950569,
SVK,EDUADULT,UPPSRY,PC_25_64,A,2003,74.91468,
SVK,EDUADULT,UPPSRY,PC_25_64,A,2004,74.221123,
SVK,EDUADULT,UPPSRY,PC_25_64,A,2005,73.865288,
SVK,EDUADULT,UPPSRY,PC_25_64,A,2006,74.242401,
SVK,EDUADULT,UPPSRY,PC_25_64,A,2007,74.72094,
SVK,EDUADULT,UPPSRY,PC_25_64,A,2008,75.170403,
SVK,EDUADULT,UPPSRY,PC_25_64,A,2009,75.182259,
SVK,EDUADULT,UPPSRY,PC_25_64,A,2010,73.63723,
SVK,EDUADULT,UPPSRY,PC_25_64,A,2011,72.644165,
SVK,EDUADULT,UPPSRY,PC_25_64,A,2012,72.735786,
SVK,EDUADULT,UPPSRY,PC_25_64,A,2013,71.922043,
SVK,EDUADULT,UPPSRY,PC_25_64,A,2014,70.459274,
SVK,EDUADULT,UPPSRY,PC_25_64,A,2015,70.135376,
SVK,EDUADULT,UPPSRY,PC_25_64,A,2016,69.769516,
SVK,EDUADULT,UPPSRY,PC_25_64,A,2017,68.205521,
SVK,EDUADULT,UPPSRY,PC_25_64,A,2018,66.995461,
ESP,EDUADULT,UPPSRY,PC_25_64,A,2000,15.889219,
ESP,EDUADULT,UPPSRY,PC_25_64,A,2001,16.623016,
ESP,EDUADULT,UPPSRY,PC_25_64,A,2002,17.318115,
ESP,EDUADULT,UPPSRY,PC_25_64,A,2003,18.033455,
ESP,EDUADULT,UPPSRY,PC_25_64,A,2004,18.615295,
ESP,EDUADULT,UPPSRY,PC_25_64,A,2005,20.237658,
ESP,EDUADULT,UPPSRY,PC_25_64,A,2006,20.878954,
ESP,EDUADULT,UPPSRY,PC_25_64,A,2007,21.364632,
ESP,EDUADULT,UPPSRY,PC_25_64,A,2008,21.58176,
ESP,EDUADULT,UPPSRY,PC_25_64,A,2009,21.635395,
ESP,EDUADULT,UPPSRY,PC_25_64,A,2010,21.856297,
ESP,EDUADULT,UPPSRY,PC_25_64,A,2011,22.12476,
ESP,EDUADULT,UPPSRY,PC_25_64,A,2012,22.005894,
ESP,EDUADULT,UPPSRY,PC_25_64,A,2013,21.719563,
ESP,EDUADULT,UPPSRY,PC_25_64,A,2014,21.93885,
ESP,EDUADULT,UPPSRY,PC_25_64,A,2015,22.352846,
ESP,EDUADULT,UPPSRY,PC_25_64,A,2016,22.580437,
ESP,EDUADULT,UPPSRY,PC_25_64,A,2017,22.723196,
ESP,EDUADULT,UPPSRY,PC_25_64,A,2018,22.863016,
SWE,EDUADULT,UPPSRY,PC_25_64,A,2000,47.42886,
SWE,EDUADULT,UPPSRY,PC_25_64,A,2001,49.037354,
SWE,EDUADULT,UPPSRY,PC_25_64,A,2002,49.010967,
SWE,EDUADULT,UPPSRY,PC_25_64,A,2003,48.780231,
SWE,EDUADULT,UPPSRY,PC_25_64,A,2004,48.413593,
SWE,EDUADULT,UPPSRY,PC_25_64,A,2005,53.946407,
SWE,EDUADULT,UPPSRY,PC_25_64,A,2006,53.555191,
SWE,EDUADULT,UPPSRY,PC_25_64,A,2007,53.259563,
SWE,EDUADULT,UPPSRY,PC_25_64,A,2008,53.01487,
SWE,EDUADULT,UPPSRY,PC_25_64,A,2009,52.678806,
SWE,EDUADULT,UPPSRY,PC_25_64,A,2010,52.403698,
SWE,EDUADULT,UPPSRY,PC_25_64,A,2011,51.860733,
SWE,EDUADULT,UPPSRY,PC_25_64,A,2012,51.803307,
SWE,EDUADULT,UPPSRY,PC_25_64,A,2013,51.135899,
SWE,EDUADULT,UPPSRY,PC_25_64,A,2014,42.85453,
SWE,EDUADULT,UPPSRY,PC_25_64,A,2015,42.189362,
SWE,EDUADULT,UPPSRY,PC_25_64,A,2016,41.588329,
SWE,EDUADULT,UPPSRY,PC_25_64,A,2017,41.059723,
SWE,EDUADULT,UPPSRY,PC_25_64,A,2018,39.944221,
CHE,EDUADULT,UPPSRY,PC_25_64,A,2000,59.702358,
CHE,EDUADULT,UPPSRY,PC_25_64,A,2001,59.45937,
CHE,EDUADULT,UPPSRY,PC_25_64,A,2002,59.55418,
CHE,EDUADULT,UPPSRY,PC_25_64,A,2003,57.723049,
CHE,EDUADULT,UPPSRY,PC_25_64,A,2004,56.93187,
CHE,EDUADULT,UPPSRY,PC_25_64,A,2005,56.482964,
CHE,EDUADULT,UPPSRY,PC_25_64,A,2006,55.54845,
CHE,EDUADULT,UPPSRY,PC_25_64,A,2007,54.629665,
CHE,EDUADULT,UPPSRY,PC_25_64,A,2008,53.155655,
CHE,EDUADULT,UPPSRY,PC_25_64,A,2009,51.896645,
CHE,EDUADULT,UPPSRY,PC_25_64,A,2010,51.151737,
CHE,EDUADULT,UPPSRY,PC_25_64,A,2011,50.823112,
CHE,EDUADULT,UPPSRY,PC_25_64,A,2012,50.373901,
CHE,EDUADULT,UPPSRY,PC_25_64,A,2013,49.002911,
CHE,EDUADULT,UPPSRY,PC_25_64,A,2014,48.795288,
CHE,EDUADULT,UPPSRY,PC_25_64,A,2015,47.512451,
CHE,EDUADULT,UPPSRY,PC_25_64,A,2016,46.200405,
CHE,EDUADULT,UPPSRY,PC_25_64,A,2017,45.213757,
CHE,EDUADULT,UPPSRY,PC_25_64,A,2018,44.65678,
TUR,EDUADULT,UPPSRY,PC_25_64,A,2000,14.949884,
TUR,EDUADULT,UPPSRY,PC_25_64,A,2001,15.108155,
TUR,EDUADULT,UPPSRY,PC_25_64,A,2002,15.864458,
TUR,EDUADULT,UPPSRY,PC_25_64,A,2003,16.759451,
TUR,EDUADULT,UPPSRY,PC_25_64,A,2004,17.546646,
TUR,EDUADULT,UPPSRY,PC_25_64,A,2005,17.843439,
TUR,EDUADULT,UPPSRY,PC_25_64,A,2006,18.225998,
TUR,EDUADULT,UPPSRY,PC_25_64,A,2007,18.300762,
TUR,EDUADULT,UPPSRY,PC_25_64,A,2008,18.267813,
TUR,EDUADULT,UPPSRY,PC_25_64,A,2009,18.344694,
TUR,EDUADULT,UPPSRY,PC_25_64,A,2010,18.087578,
TUR,EDUADULT,UPPSRY,PC_25_64,A,2011,18.114084,
TUR,EDUADULT,UPPSRY,PC_25_64,A,2012,18.573956,
TUR,EDUADULT,UPPSRY,PC_25_64,A,2013,18.924805,
TUR,EDUADULT,UPPSRY,PC_25_64,A,2014,18.939352,
TUR,EDUADULT,UPPSRY,PC_25_64,A,2015,18.972311,
TUR,EDUADULT,UPPSRY,PC_25_64,A,2016,19.15093,
TUR,EDUADULT,UPPSRY,PC_25_64,A,2017,19.278526,
TUR,EDUADULT,UPPSRY,PC_25_64,A,2018,19.456722,
GBR,EDUADULT,UPPSRY,PC_25_64,A,2000,36.928307,
GBR,EDUADULT,UPPSRY,PC_25_64,A,2001,36.721958,
GBR,EDUADULT,UPPSRY,PC_25_64,A,2002,37.412674,
GBR,EDUADULT,UPPSRY,PC_25_64,A,2003,37.080341,
GBR,EDUADULT,UPPSRY,PC_25_64,A,2004,36.829922,
GBR,EDUADULT,UPPSRY,PC_25_64,A,2005,37.12265,
GBR,EDUADULT,UPPSRY,PC_25_64,A,2006,36.709263,
GBR,EDUADULT,UPPSRY,PC_25_64,A,2007,36.656673,
GBR,EDUADULT,UPPSRY,PC_25_64,A,2008,36.424484,
GBR,EDUADULT,UPPSRY,PC_25_64,A,2009,36.758167,
GBR,EDUADULT,UPPSRY,PC_25_64,A,2010,36.87521,
GBR,EDUADULT,UPPSRY,PC_25_64,A,2011,37.420158,
GBR,EDUADULT,UPPSRY,PC_25_64,A,2012,37.107475,
GBR,EDUADULT,UPPSRY,PC_25_64,A,2013,37.258495,
GBR,EDUADULT,UPPSRY,PC_25_64,A,2014,36.947582,
GBR,EDUADULT,UPPSRY,PC_25_64,A,2015,35.419685,
GBR,EDUADULT,UPPSRY,PC_25_64,A,2016,34.980217,
GBR,EDUADULT,UPPSRY,PC_25_64,A,2017,35.424564,
GBR,EDUADULT,UPPSRY,PC_25_64,A,2018,33.510891,
USA,EDUADULT,UPPSRY,PC_25_64,A,2000,50.94796,
USA,EDUADULT,UPPSRY,PC_25_64,A,2001,49.863556,
USA,EDUADULT,UPPSRY,PC_25_64,A,2002,49.210739,
USA,EDUADULT,UPPSRY,PC_25_64,A,2003,49.108307,
USA,EDUADULT,UPPSRY,PC_25_64,A,2004,48.854782,
USA,EDUADULT,UPPSRY,PC_25_64,A,2005,48.719654,
USA,EDUADULT,UPPSRY,PC_25_64,A,2006,48.3102,
USA,EDUADULT,UPPSRY,PC_25_64,A,2007,47.640446,
USA,EDUADULT,UPPSRY,PC_25_64,A,2008,47.590492,
USA,EDUADULT,UPPSRY,PC_25_64,A,2009,47.429943,
USA,EDUADULT,UPPSRY,PC_25_64,A,2010,47.307102,
USA,EDUADULT,UPPSRY,PC_25_64,A,2011,46.809719,
USA,EDUADULT,UPPSRY,PC_25_64,A,2012,46.255409,
USA,EDUADULT,UPPSRY,PC_25_64,A,2013,45.717762,
USA,EDUADULT,UPPSRY,PC_25_64,A,2014,45.345833,
USA,EDUADULT,UPPSRY,PC_25_64,A,2015,44.912739,
USA,EDUADULT,UPPSRY,PC_25_64,A,2016,44.480896,
USA,EDUADULT,UPPSRY,PC_25_64,A,2017,44.288704,
USA,EDUADULT,UPPSRY,PC_25_64,A,2018,43.392693,
BRA,EDUADULT,UPPSRY,PC_25_64,A,2007,27.184517,
BRA,EDUADULT,UPPSRY,PC_25_64,A,2008,28.042675,
BRA,EDUADULT,UPPSRY,PC_25_64,A,2009,29.809849,
BRA,EDUADULT,UPPSRY,PC_25_64,A,2011,31.655708,
BRA,EDUADULT,UPPSRY,PC_25_64,A,2012,32.010372,
BRA,EDUADULT,UPPSRY,PC_25_64,A,2013,32.664654,
BRA,EDUADULT,UPPSRY,PC_25_64,A,2014,33.041641,
BRA,EDUADULT,UPPSRY,PC_25_64,A,2015,34.077896,
BRA,EDUADULT,UPPSRY,PC_25_64,A,2016,33.589527,
BRA,EDUADULT,UPPSRY,PC_25_64,A,2017,34.089798,
CHL,EDUADULT,UPPSRY,PC_25_64,A,2009,39.385891,
CHL,EDUADULT,UPPSRY,PC_25_64,A,2011,39.865879,
CHL,EDUADULT,UPPSRY,PC_25_64,A,2013,40.324417,
CHL,EDUADULT,UPPSRY,PC_25_64,A,2015,42.391296,
CHL,EDUADULT,UPPSRY,PC_25_64,A,2017,42.279499,
CHN,EDUADULT,UPPSRY,PC_25_64,A,2010,14.780653,
COL,EDUADULT,UPPSRY,PC_25_64,A,2014,29.610394,
COL,EDUADULT,UPPSRY,PC_25_64,A,2015,28.848007,
COL,EDUADULT,UPPSRY,PC_25_64,A,2016,30.229284,
COL,EDUADULT,UPPSRY,PC_25_64,A,2017,31.28689,
COL,EDUADULT,UPPSRY,PC_25_64,A,2018,31.794924,
EST,EDUADULT,UPPSRY,PC_25_64,A,2000,56.579468,
EST,EDUADULT,UPPSRY,PC_25_64,A,2001,56.751579,
EST,EDUADULT,UPPSRY,PC_25_64,A,2002,57.425953,
EST,EDUADULT,UPPSRY,PC_25_64,A,2003,57.995193,
EST,EDUADULT,UPPSRY,PC_25_64,A,2004,57.54467,
EST,EDUADULT,UPPSRY,PC_25_64,A,2005,55.633266,
EST,EDUADULT,UPPSRY,PC_25_64,A,2006,55.163223,
EST,EDUADULT,UPPSRY,PC_25_64,A,2007,55.694317,
EST,EDUADULT,UPPSRY,PC_25_64,A,2008,54.130379,
EST,EDUADULT,UPPSRY,PC_25_64,A,2009,52.606895,
EST,EDUADULT,UPPSRY,PC_25_64,A,2010,53.712353,
EST,EDUADULT,UPPSRY,PC_25_64,A,2011,52.120499,
EST,EDUADULT,UPPSRY,PC_25_64,A,2012,52.317989,
EST,EDUADULT,UPPSRY,PC_25_64,A,2013,53.173813,
EST,EDUADULT,UPPSRY,PC_25_64,A,2014,50.605042,
EST,EDUADULT,UPPSRY,PC_25_64,A,2015,50.527138,
EST,EDUADULT,UPPSRY,PC_25_64,A,2016,50.13871,
EST,EDUADULT,UPPSRY,PC_25_64,A,2017,49.018936,
EST,EDUADULT,UPPSRY,PC_25_64,A,2018,48.058849,
IDN,EDUADULT,UPPSRY,PC_25_64,A,2004,14.353661,
IDN,EDUADULT,UPPSRY,PC_25_64,A,2005,18.553963,
IDN,EDUADULT,UPPSRY,PC_25_64,A,2006,19.842274,
IDN,EDUADULT,UPPSRY,PC_25_64,A,2007,19.355505,
IDN,EDUADULT,UPPSRY,PC_25_64,A,2008,14.148355,
IDN,EDUADULT,UPPSRY,PC_25_64,A,2009,21.424606,
IDN,EDUADULT,UPPSRY,PC_25_64,A,2010,22.332325,
IDN,EDUADULT,UPPSRY,PC_25_64,A,2011,22.945271,
IDN,EDUADULT,UPPSRY,PC_25_64,A,2012,22.746614,
IDN,EDUADULT,UPPSRY,PC_25_64,A,2013,23.344013,
IDN,EDUADULT,UPPSRY,PC_25_64,A,2014,23.901196,
IDN,EDUADULT,UPPSRY,PC_25_64,A,2015,24.866453,
IDN,EDUADULT,UPPSRY,PC_25_64,A,2016,25.686342,
IDN,EDUADULT,UPPSRY,PC_25_64,A,2017,26.039787,
ISR,EDUADULT,UPPSRY,PC_25_64,A,2002,38.244751,
ISR,EDUADULT,UPPSRY,PC_25_64,A,2003,39.019939,
ISR,EDUADULT,UPPSRY,PC_25_64,A,2005,35.887051,
ISR,EDUADULT,UPPSRY,PC_25_64,A,2007,36.828835,
ISR,EDUADULT,UPPSRY,PC_25_64,A,2008,37.252399,
ISR,EDUADULT,UPPSRY,PC_25_64,A,2009,36.896465,
ISR,EDUADULT,UPPSRY,PC_25_64,A,2010,36.504307,
ISR,EDUADULT,UPPSRY,PC_25_64,A,2011,36.616207,
ISR,EDUADULT,UPPSRY,PC_25_64,A,2012,38.106457,
ISR,EDUADULT,UPPSRY,PC_25_64,A,2013,37.567196,
ISR,EDUADULT,UPPSRY,PC_25_64,A,2014,36.822159,
ISR,EDUADULT,UPPSRY,PC_25_64,A,2015,36.710636,
ISR,EDUADULT,UPPSRY,PC_25_64,A,2016,36.87344,
ISR,EDUADULT,UPPSRY,PC_25_64,A,2017,36.458225,
LVA,EDUADULT,UPPSRY,PC_25_64,A,2000,65.022331,
LVA,EDUADULT,UPPSRY,PC_25_64,A,2001,61.39608,
LVA,EDUADULT,UPPSRY,PC_25_64,A,2002,63.225403,
LVA,EDUADULT,UPPSRY,PC_25_64,A,2003,65.045273,
LVA,EDUADULT,UPPSRY,PC_25_64,A,2004,64.536186,
LVA,EDUADULT,UPPSRY,PC_25_64,A,2005,64.126892,
LVA,EDUADULT,UPPSRY,PC_25_64,A,2006,63.209473,
LVA,EDUADULT,UPPSRY,PC_25_64,A,2007,62.453861,
LVA,EDUADULT,UPPSRY,PC_25_64,A,2008,61.03603,
LVA,EDUADULT,UPPSRY,PC_25_64,A,2009,60.930115,
LVA,EDUADULT,UPPSRY,PC_25_64,A,2010,61.657791,
LVA,EDUADULT,UPPSRY,PC_25_64,A,2011,60.244511,
LVA,EDUADULT,UPPSRY,PC_25_64,A,2012,59.87561,
LVA,EDUADULT,UPPSRY,PC_25_64,A,2013,58.342381,
LVA,EDUADULT,UPPSRY,PC_25_64,A,2014,56.431065,
LVA,EDUADULT,UPPSRY,PC_25_64,A,2015,56.190098,
LVA,EDUADULT,UPPSRY,PC_25_64,A,2016,55.320442,
LVA,EDUADULT,UPPSRY,PC_25_64,A,2017,53.725826,
LVA,EDUADULT,UPPSRY,PC_25_64,A,2018,53.692394,
RUS,EDUADULT,UPPSRY,PC_25_64,A,2010,42.433334,
RUS,EDUADULT,UPPSRY,PC_25_64,A,2011,42.222771,
RUS,EDUADULT,UPPSRY,PC_25_64,A,2012,42.503376,
RUS,EDUADULT,UPPSRY,PC_25_64,A,2013,42.025513,
RUS,EDUADULT,UPPSRY,PC_25_64,A,2014,41.798943,
RUS,EDUADULT,UPPSRY,PC_25_64,A,2015,41.232349,
RUS,EDUADULT,UPPSRY,PC_25_64,A,2016,40.919132,
RUS,EDUADULT,UPPSRY,PC_25_64,A,2017,38.542645,
SVN,EDUADULT,UPPSRY,PC_25_64,A,2000,59.096954,
SVN,EDUADULT,UPPSRY,PC_25_64,A,2002,61.760578,
SVN,EDUADULT,UPPSRY,PC_25_64,A,2003,60.395054,
SVN,EDUADULT,UPPSRY,PC_25_64,A,2004,60.628014,
SVN,EDUADULT,UPPSRY,PC_25_64,A,2005,60.12418,
SVN,EDUADULT,UPPSRY,PC_25_64,A,2006,60.176327,
SVN,EDUADULT,UPPSRY,PC_25_64,A,2007,59.590744,
SVN,EDUADULT,UPPSRY,PC_25_64,A,2008,59.405548,
SVN,EDUADULT,UPPSRY,PC_25_64,A,2009,59.970695,
SVN,EDUADULT,UPPSRY,PC_25_64,A,2010,59.593433,
SVN,EDUADULT,UPPSRY,PC_25_64,A,2011,59.3857,
SVN,EDUADULT,UPPSRY,PC_25_64,A,2012,58.533745,
SVN,EDUADULT,UPPSRY,PC_25_64,A,2013,57.572769,
SVN,EDUADULT,UPPSRY,PC_25_64,A,2014,57.124428,
SVN,EDUADULT,UPPSRY,PC_25_64,A,2015,56.613033,
SVN,EDUADULT,UPPSRY,PC_25_64,A,2016,56.608772,
SVN,EDUADULT,UPPSRY,PC_25_64,A,2017,53.379494,
SVN,EDUADULT,UPPSRY,PC_25_64,A,2018,55.682087,
ZAF,EDUADULT,UPPSRY,PC_25_64,A,2008,56.683624,
ZAF,EDUADULT,UPPSRY,PC_25_64,A,2009,58.795631,
ZAF,EDUADULT,UPPSRY,PC_25_64,A,2010,59.726521,
ZAF,EDUADULT,UPPSRY,PC_25_64,A,2011,60.699654,
ZAF,EDUADULT,UPPSRY,PC_25_64,A,2012,62.216976,
ZAF,EDUADULT,UPPSRY,PC_25_64,A,2013,62.942223,
ZAF,EDUADULT,UPPSRY,PC_25_64,A,2014,64.349213,
ZAF,EDUADULT,UPPSRY,PC_25_64,A,2015,63.748463,
ZAF,EDUADULT,UPPSRY,PC_25_64,A,2016,64.678696,
ZAF,EDUADULT,UPPSRY,PC_25_64,A,2017,65.831169,
ZAF,EDUADULT,UPPSRY,PC_25_64,A,2018,66.974648,
OAVG,EDUADULT,UPPSRY,PC_25_64,A,2000,43.8399,
OAVG,EDUADULT,UPPSRY,PC_25_64,A,2001,43.301576,
OAVG,EDUADULT,UPPSRY,PC_25_64,A,2002,44.299823,
OAVG,EDUADULT,UPPSRY,PC_25_64,A,2003,44.122825,
OAVG,EDUADULT,UPPSRY,PC_25_64,A,2004,44.725512,
OAVG,EDUADULT,UPPSRY,PC_25_64,A,2005,45.079653,
OAVG,EDUADULT,UPPSRY,PC_25_64,A,2006,45.595423,
OAVG,EDUADULT,UPPSRY,PC_25_64,A,2007,45.114366,
OAVG,EDUADULT,UPPSRY,PC_25_64,A,2008,44.95817,
OAVG,EDUADULT,UPPSRY,PC_25_64,A,2009,44.740457,
OAVG,EDUADULT,UPPSRY,PC_25_64,A,2010,44.849754,
OAVG,EDUADULT,UPPSRY,PC_25_64,A,2011,44.518461,
OAVG,EDUADULT,UPPSRY,PC_25_64,A,2012,44.4504,
OAVG,EDUADULT,UPPSRY,PC_25_64,A,2013,44.321853,
OAVG,EDUADULT,UPPSRY,PC_25_64,A,2014,43.644985,
OAVG,EDUADULT,UPPSRY,PC_25_64,A,2015,43.364709,
OAVG,EDUADULT,UPPSRY,PC_25_64,A,2016,43.064903,
OAVG,EDUADULT,UPPSRY,PC_25_64,A,2017,42.489948,
OAVG,EDUADULT,UPPSRY,PC_25_64,A,2018,42.436605,
SAU,EDUADULT,UPPSRY,PC_25_64,A,2014,31.80398,
SAU,EDUADULT,UPPSRY,PC_25_64,A,2016,32.883152,
ARG,EDUADULT,UPPSRY,PC_25_64,A,2004,32.082676,
ARG,EDUADULT,UPPSRY,PC_25_64,A,2005,32.370968,
ARG,EDUADULT,UPPSRY,PC_25_64,A,2006,33.696232,
ARG,EDUADULT,UPPSRY,PC_25_64,A,2008,35.221363,
ARG,EDUADULT,UPPSRY,PC_25_64,A,2009,35.687149,
ARG,EDUADULT,UPPSRY,PC_25_64,A,2011,37.009579,
ARG,EDUADULT,UPPSRY,PC_25_64,A,2012,38.027462,
ARG,EDUADULT,UPPSRY,PC_25_64,A,2013,38.308643,
ARG,EDUADULT,UPPSRY,PC_25_64,A,2014,38.217319,
ARG,EDUADULT,UPPSRY,PC_25_64,A,2017,40.064892,
ARG,EDUADULT,UPPSRY,PC_25_64,A,2018,27.977314,
IND,EDUADULT,UPPSRY,PC_25_64,A,2011,18.10664,
LTU,EDUADULT,UPPSRY,PC_25_64,A,2000,42.427689,
LTU,EDUADULT,UPPSRY,PC_25_64,A,2005,60.953571,
LTU,EDUADULT,UPPSRY,PC_25_64,A,2006,61.569172,
LTU,EDUADULT,UPPSRY,PC_25_64,A,2007,59.999691,
LTU,EDUADULT,UPPSRY,PC_25_64,A,2008,60.142979,
LTU,EDUADULT,UPPSRY,PC_25_64,A,2009,60.360397,
LTU,EDUADULT,UPPSRY,PC_25_64,A,2010,59.458786,
LTU,EDUADULT,UPPSRY,PC_25_64,A,2011,59.377556,
LTU,EDUADULT,UPPSRY,PC_25_64,A,2012,59.27002,
LTU,EDUADULT,UPPSRY,PC_25_64,A,2013,58.244312,
LTU,EDUADULT,UPPSRY,PC_25_64,A,2014,54.50782,
LTU,EDUADULT,UPPSRY,PC_25_64,A,2015,52.63168,
LTU,EDUADULT,UPPSRY,PC_25_64,A,2016,52.783016,
LTU,EDUADULT,UPPSRY,PC_25_64,A,2017,52.554096,
LTU,EDUADULT,UPPSRY,PC_25_64,A,2018,51.322941,
CRI,EDUADULT,UPPSRY,PC_25_64,A,2000,13.91602,
CRI,EDUADULT,UPPSRY,PC_25_64,A,2001,13.879825,
CRI,EDUADULT,UPPSRY,PC_25_64,A,2002,14.401133,
CRI,EDUADULT,UPPSRY,PC_25_64,A,2003,14.901548,
CRI,EDUADULT,UPPSRY,PC_25_64,A,2004,14.271029,
CRI,EDUADULT,UPPSRY,PC_25_64,A,2005,14.284099,
CRI,EDUADULT,UPPSRY,PC_25_64,A,2006,14.696331,
CRI,EDUADULT,UPPSRY,PC_25_64,A,2007,15.271419,
CRI,EDUADULT,UPPSRY,PC_25_64,A,2008,15.747368,
CRI,EDUADULT,UPPSRY,PC_25_64,A,2009,15.489995,
CRI,EDUADULT,UPPSRY,PC_25_64,A,2010,15.871445,
CRI,EDUADULT,UPPSRY,PC_25_64,A,2011,15.821122,
CRI,EDUADULT,UPPSRY,PC_25_64,A,2012,15.865781,
CRI,EDUADULT,UPPSRY,PC_25_64,A,2013,17.031296,
CRI,EDUADULT,UPPSRY,PC_25_64,A,2014,17.00642,
CRI,EDUADULT,UPPSRY,PC_25_64,A,2015,16.231556,
CRI,EDUADULT,UPPSRY,PC_25_64,A,2016,16.937899,
CRI,EDUADULT,UPPSRY,PC_25_64,A,2017,16.521597,
CRI,EDUADULT,UPPSRY,PC_25_64,A,2018,16.628136,
G20,EDUADULT,UPPSRY,PC_25_64,A,2010,36.839818,
G20,EDUADULT,UPPSRY,PC_25_64,A,2011,36.809792,
